Estacion: Ruta Provincial NÂº 157 - rio Chico,,,,
Parametro: Aforos,,,,
,water level,Discharge,Coarse flow ,Fine flow
Fecha y Hora,Altura Escala [m],Caudal Liquido [m3/s],Caudal Solido Grueso [kg/s],Caudal Solido Fino [kg/s]
30/05/2004 11:45:00 a.m.,"1,41","16,007","56,421","2,297"
26/06/2004 10:00:00 a.m.,"1,34","11,227","1,723","0,758"
21/07/2004 10:00:00 a.m.,"1,28","8,089","0,716","0,156"
20/08/2004 09:25:00 a.m.,"1,24","7,013","0,106","4,801"
16/09/2004 11:50:00 a.m.,"1,2","3,314","0,126","0,052"
14/10/2004 08:50:00 a.m.,"1,1","0,883","0,022","0,02"
18/11/2004 10:10:00 a.m.,"1,41","14,431","4,173","1,814"
02/12/2004 11:10:00 a.m.,"1,32","8,242","0,622","1,08"
16/12/2004 09:45:00 a.m.,"1,35","11,93","0,838","1,794"
06/01/2005 10:50:00 a.m.,"1,5","20,142","5,603","9,898"
20/01/2005 09:20:00 a.m.,"1,37","14,816","5,382","5,537"
03/02/2005 09:10:00 a.m.,"1,42","16,164","3,946","7,896"
17/02/2005 09:00:00 a.m.,"1,4","13,138","1,928","24,464"
03/03/2005 09:55:00 a.m.,"1,75","35,762","3,636","24,571"
17/03/2005 10:30:00 a.m.,"1,58","26,254","8,715","14,41"
07/04/2005 09:18:00 a.m.,"1,72","40,588","27,909","12,109"
22/04/2005 09:55:00 a.m.,"1,735","38,117","15,856","8,691"
04/05/2005 11:25:00 a.m.,"1,52","21,265","6,721","1,991"
19/05/2005 10:30:00 a.m.,"1,46","16,261","3,48","1,221"
16/06/2005 03:00:00 p.m.,"1,47","17,103","4,864","1,595"
05/07/2005 03:00:00 p.m.,"1,38","10,964","4,638","0,263"
12/08/2005 09:15:00 a.m.,"1,28","5,825","3,137","0,177"
09/09/2005 02:50:00 p.m.,"1,3","5,294","0,484","0,162"
11/10/2005 01:00:00 p.m.,"1,21","2,682","0,187","0,045"
22/11/2005 11:30:00 a.m.,"1,37","9,826","1,109","1,473"
06/12/2005 11:30:00 a.m.,"1,43","12,124","1,432","1,385"
27/12/2005 11:15:00 a.m.,"1,77","34,261","29,276","8,292"
09/01/2006 03:15:00 p.m.,"1,43","13,059","2,763","1,702"
24/01/2006 02:15:00 p.m.,"2,2","93,496","70,844","89,62"
07/02/2006 08:00:00 a.m.,"1,63","29,39","12,918","24,405"
21/02/2006 10:30:00 a.m.,"1,56","24,669","4,241","4,041"
08/03/2006 01:40:00 p.m.,"1,48","15,878","5,336","1,757"
17/03/2006 01:30:00 p.m.,"1,875","49,99","183,094","28,792"
07/04/2006 12:15:00 p.m.,"2,125","68,229","26,847","46,868"
26/04/2006 12:00:00 p.m.,"1,5","19,283","0,39","0,866"
09/05/2006 11:30:00 a.m.,"1,85","41,557","31,931","10,203"
23/05/2006 11:20:00 a.m.,"1,475","14,251","2,966","0,835"
08/06/2006 11:15:00 a.m.,"1,41","11,017","1,71","0,412"
06/07/2006 11:00:00 a.m.,"1,38","8,213","0,452","0,146"
22/08/2006 11:45:00 a.m.,"1,3","4,621","0,243","0,047"
13/09/2006 11:10:00 a.m.,"1,26","4,208","0,089","0,028"
19/10/2006 11:40:00 a.m.,"1,29","4,238","1,144","0,75"
27/11/2006 11:30:00 a.m.,"1,485","15,529","2,248","3,704"
12/12/2006 10:45:00 a.m.,"1,7","36,432","7,852","5,675"
19/12/2006 10:40:00 a.m.,"1,6","27,042","3,78","4,193"
03/01/2007 10:40:00 a.m.,"1,715","34,48","13,224","11,169"
24/01/2007 11:30:00 a.m.,"1,72","37,477","19,546","9,045"
07/02/2007 11:30:00 a.m.,"1,925","58,465","24,704","24,545"
26/02/2007 11:00:00 a.m.,"1,71","43,422","10,378","9,2"
02/03/2007 11:30:00 a.m.,"2,22","113,506","136,526","53,899"
29/03/2007 11:35:00 a.m.,"1,86","58,268","24,363","8,893"
11/04/2007 10:00:00 a.m.,"1,52","22,821","1,326","1,648"
17/04/2007 09:40:00 a.m.,"1,49","21,099","3,826","1,958"
09/05/2007 12:30:00 p.m.,"1,81","49,625","27,988","11,178"
30/05/2007 12:00:00 p.m.,"1,5","20,632","1,93","1,603"
15/06/2007 12:30:00 p.m.,"1,39","15,364","0,488","0,329"
05/07/2007 11:30:00 a.m.,"1,33","10,287","3,541","0,207"
14/08/2007 11:30:00 a.m.,"1,3","7,945","0,729","0,153"
18/09/2007 12:10:00 p.m.,"1,25","7,103","0,22","0,301"
04/10/2007 12:00:00 p.m.,"1,21","9,482","0,168","0,126"
06/11/2007 11:30:00 a.m.,"1,26","13,494","0,579","0,632"
04/12/2007 09:40:00 a.m.,"1,45","33,094",,
06/12/2007 10:20:00 a.m.,"2,085","210,362","51,506","216,534"
13/12/2007 12:00:00 p.m.,"1,41","39,256",,
20/12/2007 12:00:00 p.m.,"1,36","32,029",,
24/12/2007 10:00:00 a.m.,"1,31","28,501",,
26/12/2007 09:35:00 a.m.,"2,325","250,002","138,521","1,442,712"
10/01/2008 11:00:00 a.m.,"1,7","74,172","29,558","144,723"
22/01/2008 11:30:00 a.m.,"1,73","70,476","29,603","39,924"
12/02/2008 11:30:00 a.m.,"1,65","68,078","13,455","19,001"
26/02/2008 08:00:00 a.m.,"1,81","79,272","47,935","22,156"
03/03/2008 12:00:00 p.m.,"1,63","77,801","8,979","27,736"
06/03/2008 11:30:00 a.m.,"1,58","73,259","12,512","35,11"
10/03/2008 09:20:00 a.m.,"1,965","124,777","19,227","132,136"
13/03/2008 12:00:00 p.m.,"2,06","137,662","9,064","42,709"
17/03/2008 11:30:00 a.m.,"1,75","103,701","11,193","28,961"
20/03/2008 12:00:00 p.m.,"1,77","42,176","3,613","7,41"
24/03/2008 11:30:00 a.m.,"1,945","59,929","14,051","36,965"
30/03/2008 01:30:00 p.m.,"2,185","179,561","48,365","65,994"
08/04/2008 11:30:00 a.m.,"1,86","47,788","5,591","8,303"
14/04/2008 11:30:00 a.m.,"1,65","30,729","1,533","3,342"
24/04/2008 11:40:00 a.m.,"1,51","23,246","0,54","1,406"
29/04/2008 12:00:00 p.m.,"1,485","19,421","0,256","1,228"
12/05/2008 11:30:00 a.m.,"1,47","20,572","8,403","16,966"
04/06/2008 11:15:00 a.m.,"1,38","12,728","4,622","6,686"
02/07/2008 12:00:00 p.m.,"1,34","11,472","2,738","5,043"
12/08/2008 11:30:00 a.m.,"1,26","7,065","0,089","0,224"
02/09/2008 11:00:00 a.m.,"1,23","5,839","0,057","0,157"
02/10/2008 11:35:00 a.m.,"1,18","4,173","0,025","0,07"
23/10/2008 10:30:00 a.m.,"1,34","10,68","0,293","1,498"
06/11/2008 12:30:00 p.m.,"1,23","5,788","0,146","0,519"
14/11/2008 08:30:00 a.m.,"1,25","6,049","0,295","0,72"
21/11/2008 09:00:00 a.m.,"1,22","5,35","0,04","0,309"
27/11/2008 05:00:00 p.m.,"1,22","5,494","0,189","0,553"
02/12/2008 09:30:00 a.m.,"1,76","23,93","0,465","5,246"
05/12/2008 08:40:00 a.m.,"1,46","21,261","28,7","23,628"
10/12/2008 08:40:00 a.m.,"1,31","9,843","0,124","0,619"
11/12/2008 01:30:00 p.m.,"1,87","48,475","5,494","26,933"
16/12/2008 12:10:00 p.m.,"1,57","25,662","126,522","4,702"
18/12/2008 05:00:00 p.m.,"1,44","19,841","3,402","6,548"
22/12/2008 11:30:00 a.m.,"1,56","27,639","2,62","6,056"
29/12/2008 04:15:00 p.m.,"1,48","21,46","0,864","3,095"
06/01/2009 09:30:00 a.m.,"1,4","17,255","0,193","1,868"
08/01/2009 01:00:00 p.m.,"1,35","13,286","0,296","1,153"
12/01/2009 05:00:00 p.m.,"1,34","13,281","0,728","1,56"
15/01/2009 03:30:00 p.m.,"1,34","13,055","1,066","1,252"
19/01/2009 03:30:00 p.m.,"1,7","35,977","1,014","28,169"
23/01/2009 09:00:00 a.m.,"1,39","14,517","0,176","2,349"
27/01/2009 11:00:00 a.m.,"1,48","20,004","1,719","15,3"
29/01/2009 10:30:00 a.m.,"1,655","30,706","1,709","17,615"
02/02/2009 10:35:00 a.m.,"1,41","16,32","0,221","3,264"
05/02/2009 10:30:00 a.m.,"1,42","15,943","0,211","2,673"
10/02/2009 11:00:00 a.m.,"1,66","34,012","1,547","7,649"
12/02/2009 03:30:00 p.m.,"1,65","34,8","1,139","7,751"
17/02/2009 09:00:00 a.m.,"1,55","32,644","1,214","34,88"
19/02/2009 04:30:00 p.m.,"1,5","22,341","0,634","3,962"
23/02/2009 05:30:00 p.m.,"1,835","50,675","8,486","41,778"
26/02/2009 05:00:00 p.m.,"1,59","34,203","5,853","13,717"
03/03/2009 10:45:00 a.m.,"1,4","21,51","0,455","2,929"
05/03/2009 10:45:00 a.m.,"1,5","26,695","3,449","6,801"
11/03/2009 10:45:00 a.m.,"2,1","110,507","3,794","80,485"
12/03/2009 10:15:00 a.m.,"1,825","67,826","8,141","40,707"
16/03/2009 03:20:00 p.m.,"1,5","29,667","2,059","4,189"
19/03/2009 03:10:00 p.m.,"1,42","23,076","1,268","2,504"
26/03/2009 10:30:00 a.m.,"1,64",40,"3,162","8,121"
27/03/2009 10:15:00 a.m.,"1,5","27,782","0,02","0,209"
06/04/2009 03:20:00 p.m.,"1,64","37,997","6,058","17,296"
13/04/2009 04:00:00 p.m.,"1,41","20,123","1,428","2,102"
16/04/2009 04:00:00 p.m.,"1,37","18,312","0,556","2,78"
20/04/2009 04:10:00 p.m.,"1,34","16,716","0,288","1,341"
06/05/2009 04:00:00 p.m.,"1,33","15,839","0,134","0,824"
04/06/2009 04:20:00 p.m.,"1,28","10,581","0,046","0,257"
02/07/2009 03:30:00 p.m.,"1,22","6,907","0,061","0,099"
11/08/2009 03:20:00 p.m.,"1,18","5,734","0,039","0,102"
15/09/2009 04:20:00 p.m.,"1,13","3,806","0,048","0,072"
09/10/2009 05:00:00 p.m.,"1,1","3,011","0,027","0,079"
22/10/2009 10:30:00 a.m.,"1,1","2,708","0,014","0,021"
06/11/2009 03:00:00 p.m.,"1,07","1,994","0,006","0,027"
09/11/2009 04:20:00 p.m.,"1,08","2,054","0,008","0,019"
16/11/2009 12:40:00 p.m.,"1,08","2,233","0,015","0,017"
23/11/2009 03:00:00 p.m.,"1,2","6,164","0,021","0,162"
01/12/2009 03:20:00 p.m.,"1,65","36,262","1,603","33,545"
07/12/2009 03:40:00 p.m.,"1,605","30,578","1,023","7,95"
10/12/2009 03:50:00 p.m.,"1,36","15,779","0,186","1,835"
16/12/2009 04:00:00 p.m.,"1,35","13,674","1,277","2,596"
07/01/2010 04:40:00 p.m.,"2,185","97,911","8,771","172,739"
13/01/2010 04:00:00 p.m.,"2,17","96,618","8,009","139,03"
22/01/2010 10:20:00 a.m.,"1,34","18,584","1,506","2,52"
27/01/2010 10:00:00 a.m.,"1,28","14,965","0,504","2,275"
03/02/2010 04:10:00 p.m.,"1,38","17,113","3,939","10,703"
10/02/2010 03:40:00 p.m.,"1,35","18,018","1,945","1,865"
17/02/2010 03:00:00 p.m.,"1,72","31,228","2,639","8,289"
25/02/2010 03:45:00 p.m.,"2,255","126,942","111,369","375,561"
03/03/2010 04:00:00 p.m.,"1,56","18,45","1,21","3,529"
05/03/2010 03:10:00 p.m.,"1,57","19,052","2,088","4,464"
09/03/2010 02:30:00 p.m.,"1,41","11,575","0,681","1,433"
12/03/2010 03:20:00 p.m.,"1,66","20,306","1,386","3,823"
15/03/2010 03:30:00 p.m.,"1,78","25,848","2,26","5,307"
19/03/2010 05:50:00 p.m.,"1,81","26,521","2,338","5,109"
23/03/2010 04:50:00 p.m.,"1,9","36,73","3,044","7,692"
26/03/2010 03:00:00 p.m.,"1,93","39,621","3,356","10,284"
06/04/2010 03:40:00 p.m.,"1,83","32,615","1,874","5,168"
09/04/2010 02:30:00 p.m.,"1,64","20,835","1,392","1,398"
12/04/2010 03:10:00 p.m.,"1,53","16,532","0,79","1,427"
15/04/2010 03:30:00 p.m.,"1,67","22,577","1,838","3,257"
05/05/2010 03:10:00 p.m.,"1,33","12,499","0,151","0,628"
04/06/2010 10:40:00 a.m.,"1,23","11,849","0,242","0,547"
02/07/2010 01:30:00 p.m.,"1,18","6,834","0,267","0,264"
05/08/2010 02:20:00 p.m.,"1,15","7,044","0,245","0,2"
10/09/2010 01:00:00 p.m.,"1,11","6,279","0,1","0,139"
06/10/2010 04:00:00 p.m.,"1,07","5,15","0,036","0,111"
20/10/2010 04:20:00 p.m.,"1,11","5,583","0,228","0,22"
02/11/2010 04:40:00 p.m.,"1,09","5,058","0,158","0,091"
11/11/2010 02:15:00 p.m.,"1,06","3,008","0,032","0,064"
15/11/2010 11:20:00 a.m.,"1,02","2,411","0,054","0,064"
24/11/2010 03:00:00 p.m.,"1,08","3,457","0,057","0,126"
01/12/2010 03:00:00 p.m.,"1,15","5,931","0,104","0,42"
06/12/2010 10:00:00 a.m.,"1,15","6,314","0,155","0,596"
09/12/2010 12:30:00 p.m.,"1,16","6,496","0,122","0,476"
13/12/2010 09:30:00 a.m.,"1,11","5,329","0,039","0,198"
16/12/2010 03:20:00 p.m.,"1,1","5,127","0,086","0,163"
20/12/2010 11:50:00 a.m.,"1,04","3,734","0,178","0,239"
23/12/2010 03:10:00 p.m.,"1,02","2,734","0,142","0,143"
28/12/2010 12:30:00 p.m.,"1,11","4,978","0,079","0,345"
03/01/2011 12:40:00 p.m.,"1,17","5,929","0,111","0,507"
05/01/2011 01:10:00 p.m.,"1,145","6,207","0,183","0,296"
10/01/2011 04:00:00 p.m.,"1,9","60,954","2,202","270,436"
14/01/2011 01:40:00 p.m.,"1,26","9,75","0,766","1,737"
18/01/2011 03:20:00 p.m.,"1,16","6,407","0,109","0,749"
24/01/2011 03:20:00 p.m.,"1,33","12,79","1,837","23,811"
26/01/2011 03:30:00 p.m.,"1,39","16,062","1,858","2,66"
28/01/2011 04:00:00 p.m.,"2,135","98,517","11,952","74,726"
01/02/2011 11:30:00 a.m.,"3,32","152,816","36,215","833,739"
04/02/2011 03:20:00 p.m.,"1,8","58,987","4,11","21,874"
07/02/2011 04:40:00 p.m.,2,"72,355","23,679","121,613"
11/02/2011 03:20:00 p.m.,"1,99","69,399","3,194","27,836"
14/02/2011 03:00:00 p.m.,"1,68","41,51","3,104","14,309"
17/02/2011 02:20:00 p.m.,"1,76","47,04","5,625","16,605"
21/02/2011 04:00:00 p.m.,"2,015","71,468","19,03","72,153"
24/02/2011 02:00:00 p.m.,"1,73","48,669","11,5","16,569"
02/03/2011 10:30:00 a.m.,"2,1","74,149","5,602","16,639"
04/03/2011 03:40:00 p.m.,"1,77","51,505","7,783","15,404"
09/03/2011 04:20:00 p.m.,"1,69","44,614","14,929","21,639"
14/03/2011 04:20:00 p.m.,"1,64","46,573","13,194","10,311"
18/03/2011 10:15:00 a.m.,"1,42","34,073","1,973","4,294"
21/03/2011 03:30:00 p.m.,"1,51","44,456","6,882","11,936"
23/03/2011 03:20:00 p.m.,"1,37","32,901","3,721","5,888"
28/03/2011 03:30:00 p.m.,"1,7","59,756","11,609","27,567"
04/04/2011 03:30:00 p.m.,"1,39","32,94","2,397","4,693"
11/04/2011 04:00:00 p.m.,"1,71","51,356","3,979","12,301"
20/04/2011 03:00:00 p.m.,"1,3","32,353","3,157","3,749"
25/04/2011 03:30:00 p.m.,"1,21","23,192","0,617","1,426"
03/05/2011 03:30:00 p.m.,"1,16","20,246","0,719","1,426"
10/06/2011 04:10:00 p.m.,"1,08","13,538","0,369","0,666"
05/07/2011 10:55:00 a.m.,"1,03","11,056","0,279","0,363"
08/08/2011 10:20:00 a.m.,"0,98","7,414","0,061","0,121"
06/09/2011 11:15:00 a.m.,"0,91","4,861","0,055","0,095"
06/10/2011 02:10:00 p.m.,"0,93","5,626","0,057","0,216"
25/10/2011 03:20:00 p.m.,"1,17","18,178","2,243","3,162"
01/11/2011 01:50:00 p.m.,"0,96","6,756","0,255","0,281"
08/11/2011 02:40:00 p.m.,"0,9",5,"0,103","0,15"
17/11/2011 01:00:00 p.m.,"1,03","10,987","0,198","1,248"
24/11/2011 02:00:00 p.m.,"0,97","7,084","0,142","0,56"
01/12/2011 03:15:00 p.m.,"1,44","35,125","0,584","6,721"
05/12/2011 01:50:00 p.m.,1,"9,668","0,377","6,863"
09/12/2011 02:30:00 p.m.,"1,3","19,94","1,149","226,314"
12/12/2011 04:40:00 p.m.,"1,08","7,748","0,427","2,524"
14/12/2011 04:30:00 p.m.,"1,07","7,196","0,135","3,413"
16/12/2011 04:30:00 p.m.,"1,02","5,947","0,075","1,134"
19/12/2011 05:00:00 p.m.,1,"5,148","0,099","0,896"
22/12/2011 04:50:00 p.m.,"0,94","3,79","0,051","0,532"
04/01/2012 04:50:00 p.m.,"0,98","4,662","0,075","1,08"
09/01/2012 04:30:00 p.m.,"1,09","7,316","0,379","4,235"
13/01/2012 04:20:00 p.m.,"1,19","13,217","0,491","11,182"
16/01/2012 03:40:00 p.m.,"1,1","8,652","0,119","1,682"
18/01/2012 04:00:00 p.m.,1,"5,074","0,068","1,065"
23/01/2012 03:10:00 p.m.,"1,12","9,538","0,426","3,92"
27/01/2012 03:30:00 p.m.,"1,02","5,644","0,087","0,807"
30/01/2012 03:20:00 p.m.,1,"5,116","0,227","2,022"
01/02/2012 06:10:00 p.m.,"1,31","19,712","0,638","4,971"
06/02/2012 04:40:00 p.m.,"1,14","9,674","0,315","2,255"
10/02/2012 05:00:00 p.m.,"1,35","26,078","2,224","42,883"
13/02/2012 03:55:00 p.m.,"1,13","10,403","0,276","4,433"
15/02/2012 04:00:00 p.m.,"1,15","10,745","0,149","4,368"
22/02/2012 04:50:00 p.m.,"1,23","15,813","3,765","6,002"
24/02/2012 03:50:00 p.m.,"2,13","118,21","15,953","56,367"
29/02/2012 04:00:00 p.m.,"1,25","16,139","0,616","4,238"
02/03/2012 06:30:00 p.m.,"1,4","24,466","11,031","17,163"
05/03/2012 03:20:00 p.m.,"1,22","13,585","0,768","2,454"
09/03/2012 04:15:00 p.m.,"1,32","22,637","0,845","2,131"
12/03/2012 04:00:00 p.m.,"1,16","11,156","0,39","1,988"
16/03/2012 04:30:00 p.m.,"1,2","12,53","0,258","1,662"
19/03/2012 05:20:00 p.m.,"1,1","8,057","0,125","0,846"
23/03/2012 05:10:00 p.m.,"1,35","22,891","0,968","8,792"
27/03/2012 04:30:00 p.m.,"1,5","35,278","1,258","10,675"
04/04/2012 02:45:00 p.m.,"1,3","19,598","0,551","0,757"
10/04/2012 02:50:00 p.m.,"1,22","14,634","0,486","1,326"
19/04/2012 04:10:00 p.m.,"1,27","17,011","0,578","1,087"
23/04/2012 04:20:00 p.m.,"1,39","26,997","0,815","1,336"
16/05/2012 04:30:00 p.m.,"1,12","9,053","1,999","0,998"
21/06/2012 03:10:00 p.m.,"1,09","8,858","0,237","2,131"
12/07/2012 04:00:00 p.m.,"0,99","4,771","0,27","0,163"
13/08/2012 04:50:00 p.m.,"0,9","3,588","0,026","0,041"
14/09/2012 04:20:00 p.m.,"0,86","2,74","0,053","0,077"
11/10/2012 03:20:00 p.m.,"0,89","3,551","0,024","0,085"
19/10/2012 03:10:00 p.m.,"0,82","2,354","0,027","0,044"
06/11/2012 04:10:00 p.m.,"1,08","9,006","0,123","0,764"
16/11/2012 04:00:00 p.m.,"0,99","5,533","0,044","0,131"
23/11/2012 03:50:00 p.m.,"0,93","4,415","0,193","0,199"
27/11/2012 04:35:00 p.m.,"1,13","11,206","0,266","0,954"
04/12/2012 05:05:00 p.m.,"1,18","13,867","0,284","1,14"
10/12/2012 03:50:00 p.m.,"1,14","11,711","0,294","1,047"
13/12/2012 05:10:00 p.m.,"1,17","13,085","0,241","0,848"
14/12/2012 04:00:00 p.m.,"1,4","30,562","4,431","61,851"
17/12/2012 03:50:00 p.m.,"1,12","11,379","0,377","2,484"
19/12/2012 04:15:00 p.m.,"1,04","7,148","0,155","0,558"
26/12/2012 03:55:00 p.m.,"0,96","4,816","0,123","0,456"
28/12/2012 03:55:00 p.m.,"0,94","4,269","0,219","0,465"
03/01/2013 10:00:00 a.m.,"0,92","7,484","0,036","0,435"
08/01/2013 04:40:00 p.m.,"1,08","11,547","0,226","1,081"
11/01/2013 03:40:00 p.m.,"2,12","75,687","14,225","123,155"
14/01/2013 04:00:00 p.m.,"1,27","15,782","3,259","21,513"
18/01/2013 04:10:00 p.m.,"1,29","17,71","2,308","25,501"
22/01/2013 10:00:00 a.m.,"1,56","30,089","6,957","31,847"
24/01/2013 04:10:00 p.m.,"1,25","14,967","5,483","18,503"
28/01/2013 04:10:00 p.m.,"1,07","10,966","0,159","1,516"
01/02/2013 04:00:00 p.m.,1,"8,163","0,152","1,215"
05/02/2013 04:30:00 p.m.,"0,97","8,766","0,152","1,143"
07/02/2013 04:10:00 p.m.,"0,93","7,682","5,532","19,245"
13/02/2013 04:05:00 p.m.,"0,96","8,12","1,959","3,711"
15/02/2013 03:40:00 p.m.,"1,1","11,51","0,367","4,309"
19/02/2013 02:50:00 p.m.,"1,25","14,564","11,142","57,269"
21/02/2013 03:50:00 p.m.,"1,08","10,868","1,145","5,7"
26/02/2013 04:00:00 p.m.,"1,64","36,082","23,65","70,406"
01/03/2013 04:10:00 p.m.,"1,18","15,077","1,607","10,103"
04/03/2013 03:30:00 p.m.,"1,05","9,196","0,693","3,648"
11/03/2013 04:00:00 p.m.,"1,62","32,1","9,877","62,326"
15/03/2013 02:25:00 p.m.,"1,67","37,51","4,209","50,783"
19/03/2013 04:00:00 p.m.,"1,43","21,836","6,569","10,372"
22/03/2013 02:00:00 p.m.,"1,21","15,04","4,397","3,859"
25/03/2013 03:00:00 p.m.,"1,21","15,751","0,825","17,154"
27/03/2013 01:55:00 p.m.,"1,28","17,799","0,562","3,038"
03/04/2013 03:20:00 p.m.,"1,16","11,966","0,929","2,972"
08/04/2013 03:40:00 p.m.,"1,07","10,128","0,735","1,472"
15/04/2013 03:20:00 p.m.,"1,14","11,575","0,888","1,699"
23/04/2013 03:10:00 p.m.,1,"8,421","0,606","1,758"
06/05/2013 03:30:00 p.m.,"0,99","7,87","0,246","0,661"
06/06/2013 03:40:00 p.m.,"0,89","4,114","0,18","0,128"
03/07/2013 04:00:00 p.m.,"0,92","5,002","0,095","0,124"
05/08/2013 05:10:00 p.m.,"0,86","3,552","0,049","0,596"
05/09/2013 04:00:00 p.m.,"0,78","2,336","0,005","0,026"
03/10/2013 04:30:00 p.m.,"0,76","1,908","0,01","0,148"
28/10/2013 04:20:00 p.m.,"0,8","2,509","0,011","0,163"
08/11/2013 01:05:00 p.m.,"0,8","2,733","0,011","0,094"
18/11/2013 02:30:00 p.m.,"0,72","1,489","0,008","0,127"
26/11/2013 02:50:00 p.m.,"0,67","0,898","0,01","0,106"
28/11/2013 03:50:00 p.m.,"0,83","3,453","0,032","0,185"
03/12/2013 03:10:00 p.m.,"0,78","2,27","0,014","0,049"
06/12/2013 02:40:00 p.m.,"0,75","1,834","0,02","0,023"
09/12/2013 03:30:00 p.m.,"0,72","1,322","0,003","0,016"
13/12/2013 02:55:00 p.m.,"0,85","3,54","0,013","0,051"
19/12/2013 04:00:00 p.m.,"1,24","15,709","0,021","0,295"
23/12/2013 03:20:00 p.m.,"0,88","4,131","0,001","3,166"
27/12/2013 04:20:00 p.m.,"0,84","3,372","0,079","1,941"
30/12/2013 03:00:00 p.m.,"0,8","2,628","0,096","1,494"
03/01/2014 03:00:00 p.m.,"0,89","4,621","0,023","3,061"
06/01/2014 04:20:00 p.m.,"0,89","4,424","0,057","2,8"
10/01/2014 06:00:00 p.m.,"0,8","2,678","0,043","1,572"
13/01/2014 04:00:00 p.m.,"1,78","47,61","0,672","20,885"
17/01/2014 03:30:00 p.m.,"1,03","8,119","0,092","3,399"
22/01/2014 03:30:00 p.m.,"0,93","5,233","0,146","2,141"
24/01/2014 03:10:00 p.m.,"0,99","6,895","0,209","2,914"
27/01/2014 03:45:00 p.m.,"1,03","8,023","0,192","4,413"
03/02/2014 04:00:00 p.m.,"0,97","6,353","0,67","6,816"
06/02/2014 03:00:00 p.m.,"1,09","10,475","0,314","5,868"
10/02/2014 03:50:00 p.m.,"1,25","15,992","3,728","37,223"
14/02/2014 03:15:00 p.m.,"1,23","15,418","0,432","7,754"
17/02/2014 03:50:00 p.m.,"2,25","66,966","3,914","54,616"
20/02/2014 03:30:00 p.m.,"1,54","29,195","2,83","29,043"
25/02/2014 03:10:00 p.m.,"1,6","34,186","25,956","32,507"
28/02/2014 12:40:00 p.m.,"1,63","31,463","29,664","30,819"
05/03/2014 03:30:00 p.m.,"1,43","23,219","2,628","6,409"
10/03/2014 03:50:00 p.m.,"1,18","13,105","1,135","2,449"
11/03/2014 04:05:00 p.m.,"1,16","12,45","1,008","2,308"
17/03/2014 04:30:00 p.m.,"1,17","12,797","1,623","3,708"
18/03/2014 04:30:00 p.m.,"2,28","83,163","10,894","44,723"
26/03/2014 03:50:00 p.m.,"1,1","10,218","0,772","1,917"
28/03/2014 04:25:00 p.m.,"1,18","13,173","1,242","2,623"
31/03/2014 03:50:00 p.m.,"1,42","25,684","2,318","7,165"
08/04/2014 02:10:00 p.m.,"1,61","33,882","5,702","10,687"
16/04/2014 03:50:00 p.m.,"1,24","16,148","0,919","1,966"
21/04/2014 03:40:00 p.m.,"1,14","12,119","1,724","4,381"
24/04/2014 10:30:00 a.m.,"1,46","28,83","1,496","4,161"
05/05/2014 04:00:00 p.m.,"1,22","16,665","2,24","2,095"
03/06/2014 11:05:00 a.m.,"1,14","13,546","0,217","0,678"
10/07/2014 04:40:00 p.m.,"0,96","12,732","1,552","0,286"
04/08/2014 04:30:00 p.m.,"0,9","8,627","0,122","0,338"
09/09/2014 06:20:00 p.m.,"0,84","5,315","0,032","0,324"
03/10/2014 04:30:00 p.m.,"0,84","4,848","0,045","0,631"
21/10/2014 10:20:00 a.m.,"0,82","3,723","0,04","0,133"
05/11/2014 10:30:00 a.m.,"0,89","6,715","0,13","0,426"
14/11/2014 11:05:00 a.m.,"0,84","4,915","0,012","0,297"
25/11/2014 10:30:00 a.m.,"0,87","6,546","0,263","0,534"
28/11/2014 10:35:00 a.m.,"0,85","5,683","0,265","0,462"
02/12/2014 10:20:00 a.m.,"0,83","4,958","0,148","0,407"
05/12/2014 04:00:00 p.m.,"0,81","3,248","0,117","0,32"
09/12/2014 10:30:00 a.m.,"1,03","12,371","0,846","20,135"
12/12/2014 10:40:00 a.m.,"0,96","9,78","0,141","2,265"
15/12/2014 05:20:00 p.m.,"1,83","75,761","27,203","76,866"
19/12/2014 10:50:00 a.m.,"1,4","44,738","4,723","10,242"
22/12/2014 10:50:00 a.m.,"1,2","30,354","4,943","4,637"
29/12/2014 10:45:00 a.m.,"1,21","28,97","1,512","7,266"
02/01/2015 05:10:00 p.m.,"1,76","75,669","12,617","30,077"
05/01/2015 11:30:00 a.m.,"1,07","19,723","0,212","2,695"
09/01/2015 10:50:00 a.m.,"1,04","16,168","0,728","2,283"
12/01/2015 10:40:00 a.m.,"1,36","38,484","1,936","41,575"
14/01/2015 10:25:00 a.m.,"1,02","16,104","0,358","1,738"
21/01/2015 10:35:00 a.m.,"1,97","98,31","55,731","213,02"
27/01/2015 10:50:00 a.m.,"1,29","38,685","2,767","13,553"
29/01/2015 10:45:00 a.m.,"1,3","35,681","9,324","72,947"
03/02/2015 10:40:00 a.m.,"1,82","100,107","26,291","39,685"
05/02/2015 10:20:00 a.m.,"1,48","56,496","6,05","76,968"
09/02/2015 10:40:00 a.m.,"1,38","49,806","6,465","31,416"
13/02/2015 10:50:00 a.m.,"1,23","33,862","2,773","10,96"
16/02/2015 10:30:00 a.m.,2,"107,976","41,367","122,313"
20/02/2015 10:50:00 a.m.,"1,63","75,363","6,37","68,279"
23/02/2015 10:35:00 a.m.,"1,54","60,35","6,895","17,856"
26/02/2015 11:00:00 a.m.,"1,9","102,945","12,118","347,459"
03/03/2015 10:55:00 a.m.,"1,99","112,289","3,141","72,34"
06/03/2015 10:40:00 a.m.,"1,83","92,204","14,926","73,385"
09/03/2015 12:10:00 p.m.,"2,11","118,908","8,254","77,066"
13/03/2015 11:20:00 a.m.,"1,8","97,248","16,638","134,796"
16/03/2015 11:00:00 a.m.,"1,89","108,758","17,087","54,687"
20/03/2015 11:10:00 a.m.,"1,79","99,115","24,215","120,683"
25/03/2015 10:30:00 a.m.,"1,64","72,379","24,366","22,699"
27/03/2015 10:50:00 a.m.,"1,73","81,642","9,642","57,373"
07/04/2015 11:10:00 a.m.,"1,28","39,193","2,128",17042
14/04/2015 11:10:00 a.m.,"1,44","52,288","7,211","36,716"
22/04/2015 11:00:00 a.m.,"1,29","40,373","3,337","10,608"
27/04/2015 01:40:00 p.m.,"1,19","26,667","1,774","6,576"
08/05/2015 11:00:00 a.m.,"1,17","26,336","0,931","3,913"
02/06/2015 10:50:00 a.m.,"1,08","19,517","0,44","1,572"
02/07/2015 12:30:00 p.m.,"0,95","11,839","0,258","0,636"
03/08/2015 12:50:00 p.m.,"0,88","8,183","0,121","0,327"
15/09/2015 04:30:00 p.m.,"0,86","7,716","0,07","0,208"
02/10/2015 11:30:00 a.m.,"0,89","8,66","2,938","1,365"
27/10/2015 11:40:00 a.m.,"0,86","6,787","3,463","0,954"
04/11/2015 12:00:00 p.m.,"1,25","31,164","1,207","4,423"
10/11/2015 11:50:00 a.m.,"1,15","24,644","2,543","6,575"
16/11/2015 11:45:00 a.m.,"1,04","17,78","1,033","2,58"
23/11/2015 12:00:00 p.m.,"0,92","10,608","0,389","1,359"
02/12/2015 11:55:00 a.m.,"0,99","16,032","0,672","1,851"
04/12/2015 11:30:00 a.m.,"0,97","13,274","0,513","6,593"
07/12/2015 11:20:00 a.m.,"1,21","30,059","4,04","22,664"
09/12/2015 11:15:00 a.m.,"1,18","27,696","1,144","13,777"
14/12/2015 11:15:00 a.m.,"0,96","12,595","0,39","4,816"
21/12/2015 11:10:00 a.m.,"1,09","20,85","2,334","14,369"
23/12/2015 11:15:00 a.m.,"1,01","15,593","6,022","10,685"
28/12/2015 11:10:00 a.m.,"1,16","25,994","1,815","19,33"
04/01/2016 11:30:00 a.m.,"1,35","43,911","4,397","13,531"
07/01/2016 04:30:00 p.m.,"1,73","88,095","88,713","210,315"
11/01/2016 04:15:00 p.m.,"1,87","96,749","95,131","189,377"
14/01/2016 04:25:00 p.m.,"1,95","106,41","150,12","315,161"
18/01/2016 12:05:00 p.m.,"1,45","53,404","10,932","35,152"
21/01/2016 04:30:00 p.m.,"1,18","28,845","1,731","0,167"
25/01/2016 11:50:00 a.m.,"1,06","19,185","0,981","1,201"
27/01/2016 03:15:00 p.m.,"1,04","17,659","0,805","1,109"
20/02/2016 10:00:00 a.m.,"2,1","125,527","16,141","165,496"
23/02/2016 10:20:00 a.m.,"1,55","61,947","8,938","55,141"
26/02/2016 11:30:00 a.m.,"2,08","121,309","12,006","135,39"
29/02/2016 10:30:00 a.m.,"1,51","59,983","9,082","45,528"
02/03/2016 10:40:00 a.m.,"1,85","108,81","2,228","4,562"
09/03/2016 12:40:00 p.m.,"2,03","113,194","2,443","18,631"
15/03/2016 12:00:00 p.m.,"1,31","41,232","5,739","8,367"
19/03/2016 12:20:00 p.m.,"1,77","83,771","3,336","6,026"
21/03/2016 12:15:00 p.m.,"1,37","46,557","5,705","8,951"
25/03/2016 01:35:00 p.m.,"1,22","30,823","1,017","4,087"
29/03/2016 12:05:00 p.m.,"1,16","25,738","2,087","2,579"
30/03/2016 12:45:00 p.m.,"1,14","23,399","6,105","5,122"
26/04/2016 12:10:00 p.m.,"1,53","60,577","0,77","4,744"
03/05/2016 11:10:00 a.m.,"1,07","18,53","5,556","2,796"
14/06/2016 01:30:00 p.m.,"1,11","23,976","2,417","5,425"
05/07/2016 11:50:00 a.m.,"1,06","18,467","0,914","5,788"
09/08/2016 03:20:00 p.m.,"0,87","6,267","0,723","1,143"
27/09/2016 05:10:00 p.m.,"0,81","3,772","0,052","0,104"
04/10/2016 04:35:00 p.m.,"0,84","4,751","0,209","0,599"
25/10/2016 10:10:00 a.m.,"0,95","10,467","0,833","1,359"
03/11/2016 04:30:00 p.m.,"0,8","3,466","0,133","1,184"
08/11/2016 10:00:00 a.m.,"0,76","2,218","0,419","1,585"
14/11/2016 03:30:00 p.m.,"0,73","1,683","0,074","0,229"
24/11/2016 03:15:00 p.m.,"0,73","1,755","0,256","0,397"
01/12/2016 04:45:00 p.m.,"1,16","28,902","3,651","12,567"
03/12/2016 04:25:00 p.m.,"1,01","14,702","1,226","5,905"
06/12/2016 04:30:00 p.m.,"0,93","10,088","1,613","4,351"
09/12/2016 08:15:00 a.m.,"1,44","65,48","10,304","30,839"
12/12/2016 04:00:00 p.m.,"1,09","21,105","1,313","8,637"
17/12/2016 10:30:00 a.m.,"0,92","9,018","0,487","3,308"
23/12/2016 05:00:00 p.m.,"0,81","4,157","0,193","1,739"
28/12/2016 04:45:00 p.m.,"0,88","7,203","0,441","2,995"
02/01/2017 05:25:00 p.m.,"0,89","8,011","0,258","2,197"
05/01/2017 05:00:00 p.m.,"0,91","9,39","0,509","4,032"
13/01/2017 05:05:00 p.m.,"1,27","36,841","2,164","16,349"
16/01/2017 02:30:00 p.m.,"1,46","62,241","3,117","18,985"
20/01/2017 03:45:00 p.m.,"0,99","13,452","4,167","5,765"
23/01/2017 03:45:00 p.m.,"1,56","78,204","11,609","38,531"
25/01/2017 05:00:00 p.m.,"1,07","22,367","2,199","10,09"
27/01/2017 05:00:00 p.m.,"0,98","13,509","1,888","20,372"
01/02/2017 04:40:00 p.m.,"0,95","11,07","0,935","2,81"
03/02/2017 04:00:00 p.m.,"0,93","9,931","0,084","0,174"
06/02/2017 03:55:00 p.m.,"1,09","22,252","0,427","0,697"
11/02/2017 04:20:00 p.m.,"1,7","88,009","1,037","5,182"
13/02/2017 03:50:00 p.m.,"1,64","81,837","1,299","8,645"
18/02/2017 04:30:00 p.m.,"0,97","12,484","0,789","1,757"
23/02/2017 04:30:00 p.m.,"1,1","23,504","0,625","3,029"
26/02/2017 05:05:00 p.m.,"1,75","94,308","1,446","10,502"
02/03/2017 04:45:00 p.m.,"1,12","25,879","1,185","21,195"
06/03/2017 05:00:00 p.m.,"1,4","55,326","4,366","120,212"
13/03/2017 03:45:00 p.m.,"1,5","66,271","5,905","74,805"
18/03/2017 03:45:00 p.m.,"2,06","130,218","14,945","142,274"
21/03/2017 02:30:00 p.m.,"1,22","38,41","4,428","28,536"
23/03/2017 02:50:00 p.m.,"2,28","154,611","8,032","70,943"
25/03/2017 05:05:00 p.m.,"1,42","58,827","5,404","36,454"
27/03/2017 04:30:00 p.m.,"2,11","134,828","13,988","104,934"
04/04/2017 03:40:00 p.m.,"2,21","144,995","16,188","20,283"
07/04/2017 03:15:00 p.m.,"1,54","69,992","10,171","9,837"
11/04/2017 03:50:00 p.m.,"1,37","48,262","3,251","10,676"
17/04/2017 03:25:00 p.m.,"1,16","28,231","3,337","16,905"
03/05/2017 05:25:00 p.m.,"1,02","16,906","0,181","0,234"
06/06/2017 01:25:00 p.m.,"1,05","18,202","1,443","2,645"
07/07/2017 03:50:00 p.m.,"0,98","13,646","3,617","2,017"
08/08/2017 03:30:00 p.m.,"0,93","9,232","0,145","0,385"
18/09/2017 03:35:00 p.m.,"0,88","6,22","0,185","0,318"
09/10/2017 04:40:00 p.m.,"0,84","3,987","0,261","0,739"
16/10/2017 04:30:00 p.m.,"0,9","7,126","0,357","0,997"
06/11/2017 04:30:00 p.m.,"1,01","15,83","0,111","6,142"
13/11/2017 04:15:00 p.m.,"0,96","11,241","0,706","5,616"
16/11/2017 04:20:00 p.m.,"0,86","4,918","0,431","2,419"
20/11/2017 04:15:00 p.m.,"0,93","9,086","0,046","3,814"
01/12/2017 03:30:00 p.m.,"1,1","22,771","16,265","19,392"
04/12/2017 03:40:00 p.m.,"1,16","27,722","48,293","76,914"
11/12/2017 04:00:00 p.m.,"1,12","24,489","3,886","6,694"
12/12/2017 04:25:00 p.m.,"1,12","24,873","0,365","3,129"
15/12/2017 03:20:00 p.m.,"1,09","20,821","0,524","3,524"
18/12/2017 04:30:00 p.m.,"1,24","35,645","0,864","6,961"
26/12/2017 05:00:00 p.m.,"1,28","40,655","1,769","17,383"
29/12/2017 04:45:00 p.m.,"1,17","28,943","5,655","11,957"
02/01/2018 03:35:00 p.m.,"1,17","30,969","22,859","21,856"
05/01/2018 04:00:00 p.m.,"1,09","23,01","0,634","2,648"
08/01/2018 04:30:00 p.m.,"1,14","26,715","1,51","3,48"
12/01/2018 04:15:00 p.m.,"1,03","18,177","0,766","2,118"
16/01/2018 05:00:00 p.m.,1,"14,567","1,209","1,785"
18/01/2018 04:35:00 p.m.,"1,15","29,046","0,925","3,01"
22/01/2018 05:05:00 p.m.,"1,09","22,92","15,761","3,006"
26/01/2018 05:00:00 p.m.,"1,3","43,791","1,25","5,503"
01/02/2018 03:45:00 p.m.,"1,72","92,417","1,338","12,614"
05/02/2018 04:00:00 p.m.,"1,04","17,684","0,157","2,401"
09/02/2018 04:10:00 p.m.,"1,19","30,542","0,194","3,725"
12/02/2018 03:45:00 p.m.,"1,19","32,271","2,069","4,262"
14/02/2018 04:45:00 p.m.,"1,14","28,376","0,47","4,218"
19/02/2018 02:45:00 p.m.,"0,99","14,869","0,137","1,842"
23/02/2018 04:15:00 p.m.,"1,21","34,176","0,213","4,747"
26/02/2018 05:10:00 p.m.,"1,08","22,613","1,836","3,258"
02/03/2018 04:30:00 p.m.,"1,36","51,178","3,976","5,504"
06/03/2018 03:00:00 p.m.,"1,08","21,798","0,477","1,944"
09/03/2018 04:50:00 p.m.,"1,19","29,215","1,932","2,935"
16/03/2018 05:20:00 p.m.,"1,18","30,267","2,5","3,064"
20/03/2018 05:20:00 p.m.,"1,08","22,112","1,469","2,05"
23/03/2018 02:45:00 p.m.,"1,06","19,354","1,999","1,645"
26/03/2018 03:40:00 p.m.,"1,26","36,619","6,755","3,452"
29/03/2018 04:05:00 p.m.,"1,16","26,241","5,284","2,421"
02/04/2018 03:45:00 p.m.,"0,94","11,297","50,767","0,808"
16/04/2018 04:05:00 p.m.,"1,13","25,49","14,586","0,616"
24/04/2018 04:15:00 p.m.,1,"15,747","17,455","0,595"
30/04/2018 04:05:00 p.m.,"1,07","19,79","0,184","0,716"
07/05/2018 04:00:00 p.m.,"2,5","184,608","133,505","1,273"
05/06/2018 04:15:00 p.m.,"1,08","21,931","0,86","1,44"
05/07/2018 03:05:00 p.m.,"1,04","18,962","7,148","1,466"
25/08/2018 01:50:00 p.m.,"0,89","7,094","0,301","0,207"
07/09/2018 04:15:00 p.m.,"0,8","3,623","0,019","0,036"
04/10/2018 05:20:00 p.m.,"0,88","7,199","1,148","4,388"
15/10/2018 04:30:00 p.m.,"0,97","13,057","0,98","6,314"
02/11/2018 04:10:00 p.m.,"1,18","31,45","1,294","3,283"
16/11/2018 03:00:00 p.m.,"1,37","48,051","1,663","4,884"
19/11/2018 04:20:00 p.m.,"1,28","41,374","2,901","4,408"
26/11/2018 05:25:00 p.m.,"1,19","30,997","1,716","3,133"
03/12/2018 03:50:00 p.m.,"1,12","27,061","0,597","3,539"
07/12/2018 04:00:00 p.m.,"1,44","54,847","13,021","6,996"
10/12/2018 04:00:00 p.m.,"1,27","41,038","34,43","5,44"
14/12/2018 03:35:00 p.m.,"1,23","36,445","16,264","4,383"
17/12/2018 04:35:00 p.m.,"1,18","29,68","4,387","3,83"
21/12/2018 04:10:00 p.m.,"1,27","40,105","6,236","5,793"
26/12/2018 04:05:00 p.m.,"1,47","58,872","7,64","8,556"
28/12/2018 03:55:00 p.m.,"1,35","48,005","4,988","6,768"
03/01/2019 04:05:00 p.m.,"1,19","34,118","0,58","4,716"
07/01/2019 03:25:00 p.m.,"1,89","102,845","0,325","14,193"
10/01/2019 03:20:00 p.m.,"1,39","52,415","0,236","7,146"
14/01/2019 04:20:00 p.m.,"1,56","64,878","0,615","8,81"
18/01/2019 04:10:00 p.m.,"1,41","54,027","6,878","7,626"
21/01/2019 04:05:00 p.m.,"1,27","39,894","0,228","5,787"
29/01/2019 04:05:00 p.m.,"1,34","46,187","0,125","6,391"
31/01/2019 04:25:00 p.m.,"1,21","35,478","0,864","5,108"
01/02/2019 03:30:00 p.m.,"1,19","31,658","1,5","4,141"
05/02/2019 03:50:00 p.m.,"1,15","28,684","1,837","3,72"
11/02/2019 10:30:00 a.m.,"1,1","24,142","2,712","2,549"
15/02/2019 03:35:00 p.m.,"1,17","30,102","3,431","3,854"
19/02/2019 03:30:00 p.m.,"1,15","28,875","3,482","3,455"
22/02/2019 03:40:00 p.m.,"1,13","26,716","2,997","3,043"
25/02/2019 03:25:00 p.m.,"1,1","25,131","1,856","2,757"
28/02/2019 03:30:00 p.m.,"1,07","22,798","1,532","2,858"
01/03/2019 03:45:00 p.m.,"1,19","32,497","4,364","4,369"
05/03/2019 02:00:00 p.m.,"1,15","29,258","2,609","3,788"
08/03/2019 03:10:00 p.m.,"1,11","24,797","2,797","3,318"
11/03/2019 03:00:00 p.m.,"1,23","36,656","3,197","4,787"
13/03/2019 04:00:00 p.m.,"1,42","54,027","3,567","7,045"
16/03/2019 03:20:00 p.m.,"1,17","30,731","1,738","4,049"
18/03/2019 03:05:00 p.m.,"1,13","27,281","2,81","3,469"
25/03/2019 03:30:00 p.m.,"1,4","52,429","4,234","6,565"
01/04/2019 03:45:00 p.m.,"2,48","170,787","8,064","24,24"
10/04/2019 04:30:00 p.m.,"1,27","26,206","0,512","3,713"
18/04/2019 04:00:00 p.m.,"1,44","44,191","1,342","6,21"
30/04/2019 03:30:00 p.m.,"1,34","32,662","0,732","4,548"
16/05/2019 05:40:00 p.m.,"1,3","28,485","7,379","2,524"
18/06/2019 04:20:00 p.m.,"1,16","16,383","1,044","0,658"
03/07/2019 04:40:00 p.m.,"1,11","12,54","0,628","2,885"
14/08/2019 05:00:00 p.m.,"1,02","6,221","0,116","0,264"
20/09/2019 04:10:00 p.m.,"1,02","5,945","0,422","0,505"
10/10/2019 04:45:00 p.m.,"0,97","3,683","0,868","4,642"
30/10/2019 04:40:00 p.m.,"1,03","6,508","0,156","0,522"
01/11/2019 04:50:00 p.m.,"1,16","17,384","0,415","1,403"
04/11/2019 04:55:00 p.m.,"1,1","11,284","0,32","0,98"
08/11/2019 04:35:00 p.m.,"1,73","70,047","1,741","5,684"
15/11/2019 10:50:00 a.m.,"1,16","16,389","0,5","1,53"
02/12/2019 04:00:00 p.m.,"1,21","19,093",,
05/12/2019 04:05:00 p.m.,"1,2","18,399",,
10/12/2019 04:45:00 p.m.,"1,18","16,39",,
13/12/2019 12:55:00 p.m.,"1,33","28,586",,
16/12/2019 05:00:00 p.m.,"1,12","12,679",,
18/12/2019 01:50:00 p.m.,"1,25","22,778",,
24/12/2019 01:00:00 p.m.,"1,37","32,184",,
31/12/2019 12:35:00 p.m.,"1,25","22,778",,
02/01/2020 04:40:00 p.m.,"1,21","19,015",,
03/01/2020 04:00:00 p.m.,"1,2","18,356",,
06/01/2020 03:45:00 p.m.,"1,19","17,315",,
08/01/2020 03:30:00 p.m.,"1,17","16,709",,
14/01/2020 04:00:00 p.m.,"1,12","11,943",,
17/01/2020 04:00:00 p.m.,"1,09","11,386",,
29/01/2020 04:10:00 p.m.,"1,1","12,394",,
31/01/2020 03:50:00 p.m.,"1,08","10,334",,
 ,,,,
 ,,,,
 ,,,,
 ,,,,
 ,,,,
 ,,,,
 ,,,,
 ,,,,
 ,,,,
 ,,,,
 ,,,,
 ,,,,
 ,,,,
 ,,,,
 ,,,,
 ,,,,
 ,,,,
 ,,,,
 ,,,,
 ,,,,
 ,,,,
 ,,,,
 ,,,,
 ,,,,
 ,,,,
 ,,,,
 ,,,,
 ,,,,
 ,,,,
 ,,,,
 ,,,,
 ,,,,
 ,,,,
 ,,,,
 ,,,,
 ,,,,
 ,,,,
 ,,,,
 ,,,,
 ,,,,
 ,,,,
 ,,,,
 ,,,,
 ,,,,
 ,,,,
 ,,,,
 ,,,,
 ,,,,
 ,,,,
 ,,,,
 ,,,,
 ,,,,
 ,,,,
 ,,,,
 ,,,,
 ,,,,
 ,,,,
 ,,,,
 ,,,,
 ,,,,
 ,,,,
 ,,,,
 ,,,,
 ,,,,
 ,,,,
 ,,,,
 ,,,,
 ,,,,
 ,,,,
 ,,,,
 ,,,,
 ,,,,
 ,,,,
 ,,,,
 ,,,,
 ,,,,
 ,,,,
 ,,,,
 ,,,,
 ,,,,
 ,,,,
 ,,,,
 ,,,,
 ,,,,
 ,,,,
 ,,,,
 ,,,,
 ,,,,
 ,,,,
 ,,,,
 ,,,,
 ,,,,
 ,,,,
 ,,,,
 ,,,,
 ,,,,
 ,,,,
 ,,,,
 ,,,,
 ,,,,
 ,,,,
 ,,,,
 ,,,,
 ,,,,
 ,,,,
 ,,,,
 ,,,,
 ,,,,
 ,,,,
 ,,,,
 ,,,,
 ,,,,
 ,,,,
 ,,,,
 ,,,,
 ,,,,
 ,,,,
 ,,,,
 ,,,,
 ,,,,
 ,,,,
 ,,,,
 ,,,,
 ,,,,
 ,,,,
 ,,,,
 ,,,,
 ,,,,
 ,,,,
 ,,,,
 ,,,,
 ,,,,
 ,,,,
 ,,,,
 ,,,,
 ,,,,
 ,,,,
 ,,,,
 ,,,,
 ,,,,
 ,,,,
 ,,,,
 ,,,,
 ,,,,
 ,,,,
 ,,,,
 ,,,,
 ,,,,
 ,,,,
 ,,,,
 ,,,,
 ,,,,
 ,,,,
 ,,,,
 ,,,,
 ,,,,
 ,,,,
 ,,,,
 ,,,,
 ,,,,
 ,,,,
 ,,,,
 ,,,,
 ,,,,
 ,,,,
 ,,,,
 ,,,,
 ,,,,
 ,,,,
 ,,,,
 ,,,,
 ,,,,
 ,,,,
 ,,,,
 ,,,,
 ,,,,
 ,,,,
 ,,,,
 ,,,,
 ,,,,
 ,,,,
 ,,,,
 ,,,,
 ,,,,
 ,,,,
 ,,,,
 ,,,,
 ,,,,
 ,,,,
 ,,,,
 ,,,,
 ,,,,
 ,,,,
 ,,,,
 ,,,,
 ,,,,
 ,,,,
 ,,,,
 ,,,,
 ,,,,
 ,,,,
 ,,,,
 ,,,,
 ,,,,
 ,,,,
 ,,,,
 ,,,,
 ,,,,
 ,,,,
 ,,,,
 ,,,,
 ,,,,
 ,,,,
 ,,,,
 ,,,,
 ,,,,
 ,,,,
 ,,,,
 ,,,,
 ,,,,
 ,,,,
 ,,,,
 ,,,,
 ,,,,
 ,,,,
 ,,,,
 ,,,,
 ,,,,
 ,,,,
 ,,,,
 ,,,,
 ,,,,
 ,,,,
 ,,,,
 ,,,,
 ,,,,
 ,,,,
 ,,,,
 ,,,,
 ,,,,
 ,,,,
 ,,,,
 ,,,,
 ,,,,
 ,,,,
 ,,,,
 ,,,,
 ,,,,
 ,,,,
 ,,,,
 ,,,,
 ,,,,
 ,,,,
 ,,,,
 ,,,,
 ,,,,
 ,,,,
 ,,,,
 ,,,,
 ,,,,
 ,,,,
 ,,,,
 ,,,,
 ,,,,
 ,,,,
 ,,,,
 ,,,,
 ,,,,
 ,,,,
 ,,,,
 ,,,,
 ,,,,
 ,,,,
 ,,,,
 ,,,,
 ,,,,
 ,,,,
 ,,,,
 ,,,,
 ,,,,
 ,,,,
 ,,,,
 ,,,,
 ,,,,
 ,,,,
 ,,,,
 ,,,,
 ,,,,
 ,,,,
 ,,,,
 ,,,,
 ,,,,
 ,,,,
 ,,,,
 ,,,,
 ,,,,
 ,,,,
 ,,,,
 ,,,,
 ,,,,
 ,,,,
 ,,,,
 ,,,,
 ,,,,
 ,,,,
 ,,,,
 ,,,,
 ,,,,
 ,,,,
 ,,,,
 ,,,,
 ,,,,
 ,,,,
 ,,,,
 ,,,,
 ,,,,
 ,,,,
 ,,,,
 ,,,,
 ,,,,
 ,,,,
 ,,,,
 ,,,,
 ,,,,
 ,,,,
 ,,,,
 ,,,,
 ,,,,
 ,,,,
 ,,,,
 ,,,,
 ,,,,
 ,,,,
 ,,,,
 ,,,,
 ,,,,
 ,,,,
 ,,,,
 ,,,,
 ,,,,
 ,,,,
 ,,,,
 ,,,,
 ,,,,
 ,,,,
 ,,,,
 ,,,,
 ,,,,
 ,,,,
 ,,,,
 ,,,,
 ,,,,
 ,,,,
 ,,,,
 ,,,,
 ,,,,
 ,,,,
 ,,,,
 ,,,,
 ,,,,
 ,,,,
 ,,,,
 ,,,,
 ,,,,
 ,,,,
 ,,,,
 ,,,,
 ,,,,
 ,,,,
 ,,,,
 ,,,,
 ,,,,
 ,,,,
 ,,,,
 ,,,,
 ,,,,
 ,,,,
 ,,,,
 ,,,,
 ,,,,
 ,,,,
 ,,,,
 ,,,,
 ,,,,
 ,,,,
 ,,,,
 ,,,,
 ,,,,
 ,,,,
 ,,,,
 ,,,,
 ,,,,
 ,,,,
 ,,,,
 ,,,,
 ,,,,
 ,,,,
 ,,,,
 ,,,,
 ,,,,
 ,,,,
 ,,,,
 ,,,,
 ,,,,
 ,,,,
 ,,,,
 ,,,,
 ,,,,
 ,,,,
 ,,,,
 ,,,,
 ,,,,
 ,,,,
 ,,,,
 ,,,,
 ,,,,
 ,,,,
 ,,,,
 ,,,,
 ,,,,
 ,,,,
 ,,,,
 ,,,,
 ,,,,
 ,,,,
 ,,,,
 ,,,,
 ,,,,
 ,,,,
 ,,,,
 ,,,,
 ,,,,
 ,,,,
 ,,,,
 ,,,,
 ,,,,
 ,,,,
 ,,,,
 ,,,,
 ,,,,
 ,,,,
 ,,,,
 ,,,,
 ,,,,
 ,,,,
 ,,,,
 ,,,,
 ,,,,
 ,,,,
 ,,,,
 ,,,,
 ,,,,
 ,,,,
 ,,,,
 ,,,,
 ,,,,
 ,,,,
 ,,,,
 ,,,,
 ,,,,
 ,,,,
 ,,,,
 ,,,,
 ,,,,
 ,,,,
 ,,,,
 ,,,,
 ,,,,
 ,,,,
 ,,,,
 ,,,,
 ,,,,
 ,,,,
 ,,,,
 ,,,,
 ,,,,
 ,,,,
 ,,,,
 ,,,,
 ,,,,
 ,,,,
 ,,,,
 ,,,,
 ,,,,
 ,,,,
 ,,,,
 ,,,,
 ,,,,
 ,,,,
 ,,,,
 ,,,,
 ,,,,
 ,,,,
 ,,,,
 ,,,,
 ,,,,
 ,,,,
 ,,,,
 ,,,,
 ,,,,
 ,,,,
 ,,,,
 ,,,,
 ,,,,
 ,,,,
 ,,,,
 ,,,,
 ,,,,
 ,,,,
 ,,,,
 ,,,,
 ,,,,
 ,,,,
 ,,,,
 ,,,,
 ,,,,
 ,,,,
 ,,,,
 ,,,,
 ,,,,
 ,,,,
 ,,,,
 ,,,,
 ,,,,
 ,,,,
 ,,,,
 ,,,,
 ,,,,
 ,,,,
 ,,,,
 ,,,,
 ,,,,
 ,,,,
 ,,,,
 ,,,,
 ,,,,
 ,,,,
 ,,,,
 ,,,,
 ,,,,
 ,,,,
 ,,,,
 ,,,,
 ,,,,
 ,,,,
 ,,,,
 ,,,,
 ,,,,
 ,,,,
 ,,,,
 ,,,,
 ,,,,
 ,,,,
 ,,,,
 ,,,,
 ,,,,
 ,,,,
 ,,,,
 ,,,,
 ,,,,
 ,,,,
 ,,,,
 ,,,,
 ,,,,
 ,,,,
 ,,,,
 ,,,,
 ,,,,
 ,,,,
 ,,,,
 ,,,,
 ,,,,
 ,,,,
 ,,,,
 ,,,,
 ,,,,
 ,,,,
 ,,,,
 ,,,,
 ,,,,
 ,,,,
 ,,,,
 ,,,,
 ,,,,
 ,,,,
 ,,,,
 ,,,,
 ,,,,
 ,,,,
 ,,,,
 ,,,,
 ,,,,
 ,,,,
 ,,,,
 ,,,,
 ,,,,
 ,,,,
 ,,,,
 ,,,,
 ,,,,
 ,,,,
 ,,,,
 ,,,,
 ,,,,
 ,,,,
 ,,,,
 ,,,,
 ,,,,
 ,,,,
 ,,,,
 ,,,,
 ,,,,
 ,,,,
 ,,,,
 ,,,,
 ,,,,
 ,,,,
 ,,,,
 ,,,,
 ,,,,
 ,,,,
 ,,,,
 ,,,,
 ,,,,
 ,,,,
 ,,,,
 ,,,,
 ,,,,
 ,,,,
 ,,,,
 ,,,,
 ,,,,
 ,,,,
 ,,,,
 ,,,,
 ,,,,
 ,,,,
 ,,,,
 ,,,,
 ,,,,
 ,,,,
 ,,,,
 ,,,,
 ,,,,
 ,,,,
 ,,,,
 ,,,,
 ,,,,
 ,,,,
 ,,,,
 ,,,,
 ,,,,
 ,,,,
 ,,,,
 ,,,,
 ,,,,
 ,,,,
 ,,,,
 ,,,,
 ,,,,
 ,,,,
 ,,,,
 ,,,,
 ,,,,
 ,,,,
 ,,,,
 ,,,,
 ,,,,
 ,,,,
 ,,,,
 ,,,,
 ,,,,
 ,,,,
 ,,,,
 ,,,,
 ,,,,
 ,,,,
 ,,,,
 ,,,,
 ,,,,
 ,,,,
 ,,,,
 ,,,,
 ,,,,
 ,,,,
 ,,,,
 ,,,,
 ,,,,
 ,,,,
 ,,,,
 ,,,,
 ,,,,
 ,,,,
 ,,,,
 ,,,,
 ,,,,
 ,,,,
 ,,,,
 ,,,,
 ,,,,
 ,,,,
 ,,,,
 ,,,,
 ,,,,
 ,,,,
 ,,,,
 ,,,,
 ,,,,
 ,,,,
 ,,,,
 ,,,,
 ,,,,
 ,,,,
 ,,,,
 ,,,,
 ,,,,
 ,,,,
 ,,,,
 ,,,,
 ,,,,
 ,,,,
 ,,,,
 ,,,,
 ,,,,
 ,,,,
 ,,,,
 ,,,,
 ,,,,
 ,,,,
 ,,,,
 ,,,,
 ,,,,
 ,,,,
 ,,,,
 ,,,,
 ,,,,
 ,,,,
 ,,,,
 ,,,,
 ,,,,
 ,,,,
 ,,,,
 ,,,,
 ,,,,
 ,,,,
 ,,,,
 ,,,,
 ,,,,
 ,,,,
 ,,,,
 ,,,,
 ,,,,
 ,,,,
 ,,,,
 ,,,,
 ,,,,
 ,,,,
 ,,,,
 ,,,,
 ,,,,
 ,,,,
 ,,,,
 ,,,,
 ,,,,
 ,,,,
 ,,,,
 ,,,,
 ,,,,
 ,,,,
 ,,,,
 ,,,,
 ,,,,
 ,,,,
 ,,,,
 ,,,,
 ,,,,
 ,,,,
 ,,,,
 ,,,,
 ,,,,
 ,,,,
 ,,,,
 ,,,,
 ,,,,
 ,,,,
 ,,,,
 ,,,,
 ,,,,
 ,,,,
 ,,,,
 ,,,,
 ,,,,
 ,,,,
 ,,,,
 ,,,,
 ,,,,
 ,,,,
 ,,,,
 ,,,,
 ,,,,
 ,,,,
 ,,,,
 ,,,,
 ,,,,
 ,,,,
 ,,,,
 ,,,,
 ,,,,
 ,,,,
 ,,,,
 ,,,,
 ,,,,
 ,,,,
 ,,,,
 ,,,,
 ,,,,
 ,,,,
 ,,,,
 ,,,,
 ,,,,
 ,,,,
 ,,,,
 ,,,,
 ,,,,
 ,,,,
 ,,,,
 ,,,,
 ,,,,
 ,,,,
 ,,,,
 ,,,,
 ,,,,
 ,,,,
 ,,,,
 ,,,,
 ,,,,
 ,,,,
 ,,,,
 ,,,,
 ,,,,
 ,,,,
 ,,,,
 ,,,,
 ,,,,
 ,,,,
 ,,,,
 ,,,,
 ,,,,
 ,,,,
 ,,,,
 ,,,,
 ,,,,
 ,,,,
 ,,,,
 ,,,,
 ,,,,
 ,,,,
 ,,,,
 ,,,,
 ,,,,
 ,,,,
 ,,,,
 ,,,,
 ,,,,
 ,,,,
 ,,,,
 ,,,,
 ,,,,
 ,,,,
 ,,,,
 ,,,,
 ,,,,
 ,,,,
 ,,,,
 ,,,,
 ,,,,
 ,,,,
 ,,,,
 ,,,,
 ,,,,
 ,,,,
 ,,,,
 ,,,,
 ,,,,
 ,,,,
 ,,,,
 ,,,,
 ,,,,
 ,,,,
 ,,,,
 ,,,,
 ,,,,
 ,,,,
 ,,,,
 ,,,,
 ,,,,
 ,,,,
 ,,,,
 ,,,,
 ,,,,
 ,,,,
 ,,,,
 ,,,,
 ,,,,
 ,,,,
 ,,,,
 ,,,,
 ,,,,
 ,,,,
 ,,,,
 ,,,,
 ,,,,
 ,,,,
 ,,,,
 ,,,,
 ,,,,
 ,,,,
 ,,,,
 ,,,,
 ,,,,
 ,,,,
 ,,,,
 ,,,,
 ,,,,
 ,,,,
 ,,,,
 ,,,,
 ,,,,
 ,,,,
 ,,,,
 ,,,,
 ,,,,
 ,,,,
 ,,,,
 ,,,,
 ,,,,
 ,,,,
 ,,,,
 ,,,,
 ,,,,
 ,,,,
 ,,,,
 ,,,,
 ,,,,
 ,,,,
 ,,,,
 ,,,,
 ,,,,
 ,,,,
 ,,,,
 ,,,,
 ,,,,
 ,,,,
 ,,,,
 ,,,,
 ,,,,
 ,,,,
 ,,,,
 ,,,,
 ,,,,
 ,,,,
 ,,,,
 ,,,,
 ,,,,
 ,,,,
 ,,,,
 ,,,,
 ,,,,
 ,,,,
 ,,,,
 ,,,,
 ,,,,
 ,,,,
 ,,,,
 ,,,,
 ,,,,
 ,,,,
 ,,,,
 ,,,,
 ,,,,
 ,,,,
 ,,,,
 ,,,,
 ,,,,
 ,,,,
 ,,,,
 ,,,,
 ,,,,
 ,,,,
 ,,,,
 ,,,,
 ,,,,
 ,,,,
 ,,,,
 ,,,,
 ,,,,
 ,,,,
 ,,,,
 ,,,,
 ,,,,
 ,,,,
 ,,,,
 ,,,,
 ,,,,
 ,,,,
 ,,,,
 ,,,,
 ,,,,
 ,,,,
 ,,,,
 ,,,,
 ,,,,
 ,,,,
 ,,,,
 ,,,,
 ,,,,
 ,,,,
 ,,,,
 ,,,,
 ,,,,
 ,,,,
 ,,,,
 ,,,,
 ,,,,
 ,,,,
 ,,,,
 ,,,,
 ,,,,
 ,,,,
 ,,,,
 ,,,,
 ,,,,
 ,,,,
 ,,,,
 ,,,,
 ,,,,
 ,,,,
 ,,,,
 ,,,,
 ,,,,
 ,,,,
 ,,,,
 ,,,,
 ,,,,
 ,,,,
 ,,,,
 ,,,,
 ,,,,
 ,,,,
 ,,,,
 ,,,,
 ,,,,
 ,,,,
 ,,,,
 ,,,,
 ,,,,
 ,,,,
 ,,,,
 ,,,,
 ,,,,
 ,,,,
 ,,,,
 ,,,,
 ,,,,
 ,,,,
 ,,,,
 ,,,,
 ,,,,
 ,,,,
 ,,,,
 ,,,,
 ,,,,
 ,,,,
 ,,,,
 ,,,,
 ,,,,
 ,,,,
 ,,,,
 ,,,,
 ,,,,
 ,,,,
 ,,,,
 ,,,,
 ,,,,
 ,,,,
 ,,,,
 ,,,,
 ,,,,
 ,,,,
 ,,,,
 ,,,,
 ,,,,
 ,,,,
 ,,,,
 ,,,,
 ,,,,
 ,,,,
 ,,,,
 ,,,,
 ,,,,
 ,,,,
 ,,,,
 ,,,,
 ,,,,
 ,,,,
 ,,,,
 ,,,,
 ,,,,
 ,,,,
 ,,,,
 ,,,,
 ,,,,
 ,,,,
 ,,,,
 ,,,,
 ,,,,
 ,,,,
 ,,,,
 ,,,,
 ,,,,
 ,,,,
 ,,,,
 ,,,,
 ,,,,
 ,,,,
 ,,,,
 ,,,,
 ,,,,
 ,,,,
 ,,,,
 ,,,,
 ,,,,
 ,,,,
 ,,,,
 ,,,,
 ,,,,
 ,,,,
 ,,,,
 ,,,,
 ,,,,
 ,,,,
 ,,,,
 ,,,,
 ,,,,
 ,,,,
 ,,,,
 ,,,,
 ,,,,
 ,,,,
 ,,,,
 ,,,,
 ,,,,
 ,,,,
 ,,,,
 ,,,,
 ,,,,
 ,,,,
 ,,,,
 ,,,,
 ,,,,
 ,,,,
 ,,,,
 ,,,,
 ,,,,
 ,,,,
 ,,,,
 ,,,,
 ,,,,
 ,,,,
 ,,,,
 ,,,,
 ,,,,
 ,,,,
 ,,,,
 ,,,,
 ,,,,
 ,,,,
 ,,,,
 ,,,,
 ,,,,
 ,,,,
 ,,,,
 ,,,,
 ,,,,
 ,,,,
 ,,,,
 ,,,,
 ,,,,
 ,,,,
 ,,,,
 ,,,,
 ,,,,
 ,,,,
 ,,,,
 ,,,,
 ,,,,
 ,,,,
 ,,,,
 ,,,,
 ,,,,
 ,,,,
 ,,,,
 ,,,,
 ,,,,
 ,,,,
 ,,,,
 ,,,,
 ,,,,
 ,,,,
 ,,,,
 ,,,,
 ,,,,
 ,,,,
 ,,,,
 ,,,,
 ,,,,
 ,,,,
 ,,,,
 ,,,,
 ,,,,
 ,,,,
 ,,,,
 ,,,,
 ,,,,
 ,,,,
 ,,,,
 ,,,,
 ,,,,
 ,,,,
 ,,,,
 ,,,,
 ,,,,
 ,,,,
 ,,,,
 ,,,,
 ,,,,
 ,,,,
 ,,,,
 ,,,,
 ,,,,
 ,,,,
 ,,,,
 ,,,,
 ,,,,
 ,,,,
 ,,,,
 ,,,,
 ,,,,
 ,,,,
 ,,,,
 ,,,,
 ,,,,
 ,,,,
 ,,,,
 ,,,,
 ,,,,
 ,,,,
 ,,,,
 ,,,,
 ,,,,
 ,,,,
 ,,,,
 ,,,,
 ,,,,
 ,,,,
 ,,,,
 ,,,,
 ,,,,
 ,,,,
 ,,,,
 ,,,,
 ,,,,
 ,,,,
 ,,,,
 ,,,,
 ,,,,
 ,,,,
 ,,,,
 ,,,,
 ,,,,
 ,,,,
 ,,,,
 ,,,,
 ,,,,
 ,,,,
 ,,,,
 ,,,,
 ,,,,
 ,,,,
 ,,,,
 ,,,,
 ,,,,
 ,,,,
 ,,,,
 ,,,,
 ,,,,
 ,,,,
 ,,,,
 ,,,,
 ,,,,
 ,,,,
 ,,,,
 ,,,,
 ,,,,
 ,,,,
 ,,,,
 ,,,,
 ,,,,
 ,,,,
 ,,,,
 ,,,,
 ,,,,
 ,,,,
 ,,,,
 ,,,,
 ,,,,
 ,,,,
 ,,,,
 ,,,,
 ,,,,
 ,,,,
 ,,,,
 ,,,,
 ,,,,
 ,,,,
 ,,,,
 ,,,,
 ,,,,
 ,,,,
 ,,,,
 ,,,,
 ,,,,
 ,,,,
 ,,,,
 ,,,,
 ,,,,
 ,,,,
 ,,,,
 ,,,,
 ,,,,
 ,,,,
 ,,,,
 ,,,,
 ,,,,
 ,,,,
 ,,,,
 ,,,,
 ,,,,
 ,,,,
 ,,,,
 ,,,,
 ,,,,
 ,,,,
 ,,,,
 ,,,,
 ,,,,
 ,,,,
 ,,,,
 ,,,,
 ,,,,
 ,,,,
 ,,,,
 ,,,,
 ,,,,
 ,,,,
 ,,,,
 ,,,,
 ,,,,
 ,,,,
 ,,,,
 ,,,,
 ,,,,
 ,,,,
 ,,,,
 ,,,,
 ,,,,
 ,,,,
 ,,,,
 ,,,,
 ,,,,
 ,,,,
 ,,,,
 ,,,,
 ,,,,
 ,,,,
 ,,,,
 ,,,,
 ,,,,
 ,,,,
 ,,,,
 ,,,,
 ,,,,
 ,,,,
 ,,,,
 ,,,,
 ,,,,
 ,,,,
 ,,,,
 ,,,,
 ,,,,
 ,,,,
 ,,,,
 ,,,,
 ,,,,
 ,,,,
 ,,,,
 ,,,,
 ,,,,
 ,,,,
 ,,,,
 ,,,,
 ,,,,
 ,,,,
 ,,,,
 ,,,,
 ,,,,
 ,,,,
 ,,,,
 ,,,,
 ,,,,
 ,,,,
 ,,,,
 ,,,,
 ,,,,
 ,,,,
 ,,,,
 ,,,,
 ,,,,
 ,,,,
 ,,,,
 ,,,,
 ,,,,
 ,,,,
 ,,,,
 ,,,,
 ,,,,
 ,,,,
 ,,,,
 ,,,,
 ,,,,
 ,,,,
 ,,,,
 ,,,,
 ,,,,
 ,,,,
 ,,,,
 ,,,,
 ,,,,
 ,,,,
 ,,,,
 ,,,,
 ,,,,
 ,,,,
 ,,,,
 ,,,,
 ,,,,
 ,,,,
 ,,,,
 ,,,,
 ,,,,
 ,,,,
 ,,,,
 ,,,,
 ,,,,
 ,,,,
 ,,,,
 ,,,,
 ,,,,
 ,,,,
 ,,,,
 ,,,,
 ,,,,
 ,,,,
 ,,,,
 ,,,,
 ,,,,
 ,,,,
 ,,,,
 ,,,,
 ,,,,
 ,,,,
 ,,,,
 ,,,,
 ,,,,
 ,,,,
 ,,,,
 ,,,,
 ,,,,
 ,,,,
 ,,,,
 ,,,,
 ,,,,
 ,,,,
 ,,,,
 ,,,,
 ,,,,
 ,,,,
 ,,,,
 ,,,,
 ,,,,
 ,,,,
 ,,,,
 ,,,,
 ,,,,
 ,,,,
 ,,,,
 ,,,,
 ,,,,
 ,,,,
 ,,,,
 ,,,,
 ,,,,
 ,,,,
 ,,,,
 ,,,,
 ,,,,
 ,,,,
 ,,,,
 ,,,,
 ,,,,
 ,,,,
 ,,,,
 ,,,,
 ,,,,
 ,,,,
 ,,,,
 ,,,,
 ,,,,
 ,,,,
 ,,,,
 ,,,,
 ,,,,
 ,,,,
 ,,,,
 ,,,,
 ,,,,
 ,,,,
 ,,,,
 ,,,,
 ,,,,
 ,,,,
 ,,,,
 ,,,,
 ,,,,
 ,,,,
 ,,,,
 ,,,,
 ,,,,
 ,,,,
 ,,,,
 ,,,,
 ,,,,
 ,,,,
 ,,,,
 ,,,,
 ,,,,
 ,,,,
 ,,,,
 ,,,,
 ,,,,
 ,,,,
 ,,,,
 ,,,,
 ,,,,
 ,,,,
 ,,,,
 ,,,,
 ,,,,
 ,,,,
 ,,,,
 ,,,,
 ,,,,
 ,,,,
 ,,,,
 ,,,,
 ,,,,
 ,,,,
 ,,,,
 ,,,,
 ,,,,
 ,,,,
 ,,,,
 ,,,,
 ,,,,
 ,,,,
 ,,,,
 ,,,,
 ,,,,
 ,,,,
 ,,,,
 ,,,,
 ,,,,
 ,,,,
 ,,,,
 ,,,,
 ,,,,
 ,,,,
 ,,,,
 ,,,,
 ,,,,
 ,,,,
 ,,,,
 ,,,,
 ,,,,
 ,,,,
 ,,,,
 ,,,,
 ,,,,
 ,,,,
 ,,,,
 ,,,,
 ,,,,
 ,,,,
 ,,,,
 ,,,,
 ,,,,
 ,,,,
 ,,,,
 ,,,,
 ,,,,
 ,,,,
 ,,,,
 ,,,,
 ,,,,
 ,,,,
 ,,,,
 ,,,,
 ,,,,
 ,,,,
 ,,,,
 ,,,,
 ,,,,
 ,,,,
 ,,,,
 ,,,,
 ,,,,
 ,,,,
 ,,,,
 ,,,,
 ,,,,
 ,,,,
 ,,,,
 ,,,,
 ,,,,
 ,,,,
 ,,,,
 ,,,,
 ,,,,
 ,,,,
 ,,,,
 ,,,,
 ,,,,
 ,,,,
 ,,,,
 ,,,,
 ,,,,
 ,,,,
 ,,,,
 ,,,,
 ,,,,
 ,,,,
 ,,,,
 ,,,,
 ,,,,
 ,,,,
 ,,,,
 ,,,,
 ,,,,
 ,,,,
 ,,,,
 ,,,,
 ,,,,
 ,,,,
 ,,,,
 ,,,,
 ,,,,
 ,,,,
 ,,,,
 ,,,,
 ,,,,
 ,,,,
 ,,,,
 ,,,,
 ,,,,
 ,,,,
 ,,,,
 ,,,,
 ,,,,
 ,,,,
 ,,,,
 ,,,,
 ,,,,
 ,,,,
 ,,,,
 ,,,,
 ,,,,
 ,,,,
 ,,,,
 ,,,,
 ,,,,
 ,,,,
 ,,,,
 ,,,,
 ,,,,
 ,,,,
 ,,,,
 ,,,,
 ,,,,
 ,,,,
 ,,,,
 ,,,,
 ,,,,
 ,,,,
 ,,,,
 ,,,,
 ,,,,
 ,,,,
 ,,,,
 ,,,,
 ,,,,
 ,,,,
 ,,,,
 ,,,,
 ,,,,
 ,,,,
 ,,,,
 ,,,,
 ,,,,
 ,,,,
 ,,,,
 ,,,,
 ,,,,
 ,,,,
 ,,,,
 ,,,,
 ,,,,
 ,,,,
 ,,,,
 ,,,,
 ,,,,
 ,,,,
 ,,,,
 ,,,,
 ,,,,
 ,,,,
 ,,,,
 ,,,,
 ,,,,
 ,,,,
 ,,,,
 ,,,,
 ,,,,
 ,,,,
 ,,,,
 ,,,,
 ,,,,
 ,,,,
 ,,,,
 ,,,,
 ,,,,
 ,,,,
 ,,,,
 ,,,,
 ,,,,
 ,,,,
 ,,,,
 ,,,,
 ,,,,
 ,,,,
 ,,,,
 ,,,,
 ,,,,
 ,,,,
 ,,,,
 ,,,,
 ,,,,
 ,,,,
 ,,,,
 ,,,,
 ,,,,
 ,,,,
 ,,,,
 ,,,,
 ,,,,
 ,,,,
 ,,,,
 ,,,,
 ,,,,
 ,,,,
 ,,,,
 ,,,,
 ,,,,
 ,,,,
 ,,,,
 ,,,,
 ,,,,
 ,,,,
 ,,,,
 ,,,,
 ,,,,
 ,,,,
 ,,,,
 ,,,,
 ,,,,
 ,,,,
 ,,,,
 ,,,,
 ,,,,
 ,,,,
 ,,,,
 ,,,,
 ,,,,
 ,,,,
 ,,,,
 ,,,,
 ,,,,
 ,,,,
 ,,,,
 ,,,,
 ,,,,
 ,,,,
 ,,,,
 ,,,,
 ,,,,
 ,,,,
 ,,,,
 ,,,,
 ,,,,
 ,,,,
 ,,,,
 ,,,,
 ,,,,
 ,,,,
 ,,,,
 ,,,,
 ,,,,
 ,,,,
 ,,,,
 ,,,,
 ,,,,
 ,,,,
 ,,,,
 ,,,,
 ,,,,
 ,,,,
 ,,,,
 ,,,,
 ,,,,
 ,,,,
 ,,,,
 ,,,,
 ,,,,
 ,,,,
 ,,,,
 ,,,,
 ,,,,
 ,,,,
 ,,,,
 ,,,,
 ,,,,
 ,,,,
 ,,,,
 ,,,,
 ,,,,
 ,,,,
 ,,,,
 ,,,,
 ,,,,
 ,,,,
 ,,,,
 ,,,,
 ,,,,
 ,,,,
 ,,,,
 ,,,,
 ,,,,
 ,,,,
 ,,,,
 ,,,,
 ,,,,
 ,,,,
 ,,,,
 ,,,,
 ,,,,
 ,,,,
 ,,,,
 ,,,,
 ,,,,
 ,,,,
 ,,,,
 ,,,,
 ,,,,
 ,,,,
 ,,,,
 ,,,,
 ,,,,
 ,,,,
 ,,,,
 ,,,,
 ,,,,
 ,,,,
 ,,,,
 ,,,,
 ,,,,
 ,,,,
 ,,,,
 ,,,,
 ,,,,
 ,,,,
 ,,,,
 ,,,,
 ,,,,
 ,,,,
 ,,,,
 ,,,,
 ,,,,
 ,,,,
 ,,,,
 ,,,,
 ,,,,
 ,,,,
 ,,,,
 ,,,,
 ,,,,
 ,,,,
 ,,,,
 ,,,,
 ,,,,
 ,,,,
 ,,,,
 ,,,,
 ,,,,
 ,,,,
 ,,,,
 ,,,,
 ,,,,
 ,,,,
 ,,,,
 ,,,,
 ,,,,
 ,,,,
 ,,,,
 ,,,,
 ,,,,
 ,,,,
 ,,,,
 ,,,,
 ,,,,
 ,,,,
 ,,,,
 ,,,,
 ,,,,
 ,,,,
 ,,,,
 ,,,,
 ,,,,
 ,,,,
 ,,,,
 ,,,,
 ,,,,
 ,,,,
 ,,,,
 ,,,,
 ,,,,
 ,,,,
 ,,,,
 ,,,,
 ,,,,
 ,,,,
 ,,,,
 ,,,,
 ,,,,
 ,,,,
 ,,,,
 ,,,,
 ,,,,
 ,,,,
 ,,,,
 ,,,,
 ,,,,
 ,,,,
 ,,,,
 ,,,,
 ,,,,
 ,,,,
 ,,,,
 ,,,,
 ,,,,
 ,,,,
 ,,,,
 ,,,,
 ,,,,
 ,,,,
 ,,,,
 ,,,,
 ,,,,
 ,,,,
 ,,,,
 ,,,,
 ,,,,
 ,,,,
,,,,
,,,,
<!DOCTYPE html>,,,,
,,,,
"<html xmlns=""http://www.w3.org/1999/xhtml"">",,,,
"<head><meta http-equiv=""Content-Type"" content=""text/html; charset=utf-8"" /><title>",,,,
,,,,
</title></head>,,,,
"<body onbeforeunload=""espera();"" onunload=""flecha();"">",,,,
"    <form method=""post"" action=""MuestraDatos.aspx?Par=Aforos&amp;Est=Ruta+Provincial+N%u00ba+157"" id=""form1"">",,,,
"<div class=""aspNetHidden"">",,,,
"<input type=""hidden"" name=""__VIEWSTATE"" id=""__VIEWSTATE"" value=""/wEPDwUKLTEzNDM3NzkxOWRkahum0FS+wAGvi3sta1vwaxVjyp9cFmPXqTq5xikQhG4="" />",,,,
</div>,,,,
,,,,
"<div class=""aspNetHidden"">",,,,
,,,,
,"<input type=""hidden"" name=""__VIEWSTATEGENERATOR"" id=""__VIEWSTATEGENERATOR"" value=""B088F22E"" />",,,
</div>,,,,
    <div>,,,,
    ,,,,
    </div>,,,,
    </form>,,,,
"    <script type=""text/javascript""  src=""Script/Cursor.js""></script>",,,,
</body>,,,,
</html>,,,,
